ID,Start time,Completion time,Email,Name,Your name  (FirstName LastName),Your student ID,Your workshop class,"If you prefer to be in a team with particular students, list their student IDs separated by commas (max. 6 student IDs):",What project option do you prefer?,What technologies/languages would you prefer to use in project? ,Timezone in which the team should preferably work,Preferred week days for team work?,Preferred day/night times for team-work,,,,,,,,,
1,9/11/22 15:39:25,9/11/22 15:40:28,s1234567@rmit.edu.au,Bael,Bael,s1234567,WRK01/01,"s111111,s222222,s333333",Web-app,,Java,Python,sql,,Not important to me,Monday,Tuesday,Wednesday,Thursday,Friday,,"late evenings, 9pm-12pm;evenings, 5pm-9pm;"
2,9/11/22 15:39:25,9/11/22 15:40:28,s2345678@rmit.edu.au,Agares,Agares,s2345678,WRK01/01,"s111111,s222222,s333333",Web-app,,Java,Python,sql,,Not important to me,Monday,Tuesday,Wednesday,Thursday,Friday,,"late evenings, 9pm-12pm;evenings, 5pm-9pm;"
3,9/11/22 15:39:25,9/11/22 15:40:28,s3456789@rmit.edu.au,Vassago,Vassago,s3456789,WRK01/01,"s111111,s222222,s333333",Web-app,,Java,Python,sql,,Not important to me,Monday,Tuesday,Wednesday,Thursday,Friday,,"late evenings, 9pm-12pm;evenings, 5pm-9pm;"
4,9/11/22 15:39:25,9/11/22 15:40:28,s4567890@rmit.edu.au,Samigina,Samigina,s4567890,WRK01/01,"s111111,s222222,s333333",Web-app,,Java,Python,sql,,Not important to me,Monday,Tuesday,Wednesday,Thursday,Friday,,"late evenings, 9pm-12pm;evenings, 5pm-9pm;"
5,9/11/22 15:39:25,9/11/22 15:40:28,s5678901@rmit.edu.au,Marbas,Marbas,s5678901,WRK01/01,"s111111,s222222,s333333",Web-app,,Java,Python,sql,,Not important to me,Monday,Tuesday,Wednesday,Thursday,Friday,,"late evenings, 9pm-12pm;evenings, 5pm-9pm;"
6,9/11/22 15:39:25,9/11/22 15:40:28,s6789012@rmit.edu.au,Valefor,Valefor,s6789012,WRK01/01,"s111111,s222222,s333333",Web-app,,Java,Python,sql,,Not important to me,Monday,Tuesday,Wednesday,Thursday,Friday,,"late evenings, 9pm-12pm;evenings, 5pm-9pm;"
7,9/11/22 15:39:25,9/11/22 15:40:28,s7890123@rmit.edu.au,Amon,Amon,s7890123,WRK01/01,"s111111,s222222,s333333",Web-app,,Java,Python,sql,,Not important to me,Monday,Tuesday,Wednesday,Thursday,Friday,,"late evenings, 9pm-12pm;evenings, 5pm-9pm;"
8,9/11/22 15:39:25,9/11/22 15:40:28,s8901234@rmit.edu.au,Barbatos,Barbatos,s8901234,WRK01/01,"s111111,s222222,s333333",Web-app,,Java,Python,sql,,Not important to me,Monday,Tuesday,Wednesday,Thursday,Friday,,"late evenings, 9pm-12pm;evenings, 5pm-9pm;"
9,9/11/22 15:39:25,9/11/22 15:40:28,s9012345@rmit.edu.au,Paimon,Paimon,s9012345,WRK01/01,"s111111,s222222,s333333",Web-app,,Java,Python,sql,,Not important to me,Monday,Tuesday,Wednesday,Thursday,Friday,,"late evenings, 9pm-12pm;evenings, 5pm-9pm;"
10,9/11/22 15:39:25,9/11/22 15:40:28,s0123456@rmit.edu.au,Buer,Buer,s0123456,WRK01/01,"s111111,s222222,s333333",Web-app,,Java,Python,sql,,Not important to me,Monday,Tuesday,Wednesday,Thursday,Friday,,"late evenings, 9pm-12pm;evenings, 5pm-9pm;"
11,9/11/22 15:39:25,9/11/22 15:40:28,s9876543@rmit.edu.au,Gusion,Gusion,s9876543,WRK01/01,"s111111,s222222,s333333",Web-app,,Java,Python,sql,,Not important to me,Monday,Tuesday,Wednesday,Thursday,Friday,,"late evenings, 9pm-12pm;evenings, 5pm-9pm;"
12,9/11/22 15:39:25,9/11/22 15:40:28,s8765432@rmit.edu.au,Sitri,Sitri,s8765432,WRK01/01,"s111111,s222222,s333333",Web-app,,Java,Python,sql,,Not important to me,Monday,Tuesday,Wednesday,Thursday,Friday,,"late evenings, 9pm-12pm;evenings, 5pm-9pm;"
13,9/11/22 15:39:25,9/11/22 15:40:28,s7654321@rmit.edu.au,Beleth,Beleth,s7654321,WRK01/01,"s111111,s222222,s333333",Web-app,,Java,Python,sql,,Not important to me,Monday,Tuesday,Wednesday,Thursday,Friday,,"late evenings, 9pm-12pm;evenings, 5pm-9pm;"
14,9/11/22 15:39:25,9/11/22 15:40:28,s6543210@rmit.edu.au,Leraje,Leraje,s6543210,WRK01/01,"s111111,s222222,s333333",Web-app,,Java,Python,sql,,Not important to me,Monday,Tuesday,Wednesday,Thursday,Friday,,"late evenings, 9pm-12pm;evenings, 5pm-9pm;"
15,9/11/22 15:39:25,9/11/22 15:40:28,s5432109@rmit.edu.au,Eligos,Eligos,s5432109,WRK01/01,"s333333,s444444.s555555",Web-app,,Java,Python,sql,,Not important to me,Monday,Tuesday,Wednesday,Thursday,Friday,,"late evenings, 9pm-12pm;evenings, 5pm-9pm;"
16,9/11/22 15:39:25,9/11/22 15:40:28,s4321098@rmit.edu.au,Zepar,Zepar,s4321098,WRK01/01,"s333333,s444444.s555555",Web-app,,Java,Python,sql,,Not important to me,Monday,Tuesday,Wednesday,Thursday,Friday,,"late evenings, 9pm-12pm;evenings, 5pm-9pm;"
17,9/11/22 15:39:25,9/11/22 15:40:28,s3210987@rmit.edu.au,Botis,Botis,s3210987,WRK01/01,"s333333,s444444.s555555",Web-app,,Java,Python,sql,,Not important to me,Monday,Tuesday,Wednesday,Thursday,Friday,,"late evenings, 9pm-12pm;evenings, 5pm-9pm;"
18,9/11/22 15:39:25,9/11/22 15:40:28,s2109876@rmit.edu.au,Bathin,Bathin,s2109876,WRK01/01,"s333333,s444444.s555555",Web-app,,Java,Python,sql,,Not important to me,Monday,Tuesday,Wednesday,Thursday,Friday,,"late evenings, 9pm-12pm;evenings, 5pm-9pm;"
19,9/11/22 15:39:25,9/11/22 15:40:28,s1098765@rmit.edu.au,Sallos,Sallos,s1098765,WRK01/01,"s333333,s444444.s555555",Web-app,,Java,Python,sql,,Not important to me,Monday,Tuesday,Wednesday,Thursday,Friday,,"late evenings, 9pm-12pm;evenings, 5pm-9pm;"
20,9/11/22 15:39:25,9/11/22 15:40:28,s0987654@rmit.edu.au,Purson,Purson,s0987654,WRK01/01,"s333333,s444444.s555555",Web-app,,Java,Python,sql,,Not important to me,Monday,Tuesday,Wednesday,Thursday,Friday,,"late evenings, 9pm-12pm;evenings, 5pm-9pm;"
21,9/11/22 15:39:25,9/11/22 15:40:28,s1123456@rmit.edu.au,Morax,Morax,s1123456,WRK01/01,"s333333,s444444.s555555",Web-app,,Java,Python,sql,,Not important to me,Monday,Tuesday,Wednesday,Thursday,Friday,,"late evenings, 9pm-12pm;evenings, 5pm-9pm;"
22,9/11/22 15:39:25,9/11/22 15:40:28,s2234567@rmit.edu.au,Ipos,Ipos,s2234567,WRK01/01,"s333333,s444444.s555555",Web-app,,Java,Python,sql,,Not important to me,Monday,Tuesday,Wednesday,Thursday,Friday,,"late evenings, 9pm-12pm;evenings, 5pm-9pm;"
23,9/11/22 15:39:25,9/11/22 15:40:28,s3345678@rmit.edu.au,Aim,Aim,s3345678,WRK01/01,"s333333,s444444.s555555",Web-app,,Java,Python,sql,,Not important to me,Monday,Tuesday,Wednesday,Thursday,Friday,,"late evenings, 9pm-12pm;evenings, 5pm-9pm;"
24,9/11/22 15:39:25,9/11/22 15:40:28,s4456789@rmit.edu.au,Naberius,Naberius,s4456789,WRK01/01,"s333333,s444444.s555555",Web-app,,Java,Python,sql,,Not important to me,Monday,Tuesday,Wednesday,Thursday,Friday,,"late evenings, 9pm-12pm;evenings, 5pm-9pm;"
25,9/11/22 15:39:25,9/11/22 15:40:28,s5567890@rmit.edu.au,Glasya Labolas,Glasya Labolas,s5567890,WRK01/01,"s333333,s444444.s555555",Web-app,,Java,Python,sql,,Not important to me,Monday,Tuesday,Wednesday,Thursday,Friday,,"late evenings, 9pm-12pm;evenings, 5pm-9pm;"
26,9/11/22 15:39:25,9/11/22 15:40:28,s6678901@rmit.edu.au,Bune,Bune,s6678901,WRK01/01,"s333333,s444444.s555555",Web-app,,Java,Python,sql,,Not important to me,Monday,Tuesday,Wednesday,Thursday,Friday,,"late evenings, 9pm-12pm;evenings, 5pm-9pm;"
27,9/11/22 15:39:25,9/11/22 15:40:28,s7789012@rmit.edu.au,Ronove,Ronove,s7789012,WRK01/01,"s666666,s777777,s888888",Web-app,,Java,Python,sql,,Not important to me,Monday,Tuesday,Wednesday,Thursday,Friday,,"late evenings, 9pm-12pm;evenings, 5pm-9pm;"
28,9/11/22 15:39:25,9/11/22 15:40:28,s8890123@rmit.edu.au,Berith,Berith,s8890123,WRK01/01,"s666666,s777777,s888888",Web-app,,Java,Python,sql,,Not important to me,Monday,Tuesday,Wednesday,Thursday,Friday,,"late evenings, 9pm-12pm;evenings, 5pm-9pm;"
29,9/11/22 15:39:25,9/11/22 15:40:28,s9901234@rmit.edu.au,Astaroth,Astaroth,s9901234,WRK01/01,"s666666,s777777,s888888",Web-app,,Java,Python,sql,,Not important to me,Monday,Tuesday,Wednesday,Thursday,Friday,,"late evenings, 9pm-12pm;evenings, 5pm-9pm;"
30,9/11/22 15:39:25,9/11/22 15:40:28,s0012345@rmit.edu.au,Forneus,Forneus,s0012345,WRK01/01,"s666666,s777777,s888888",Web-app,,Java,Python,sql,,Not important to me,Monday,Tuesday,Wednesday,Thursday,Friday,,"late evenings, 9pm-12pm;evenings, 5pm-9pm;"
31,9/11/22 15:39:25,9/11/22 15:40:28,s9987654@rmit.edu.au,Foras,Foras,s9987654,WRK01/01,"s666666,s777777,s888888",Web-app,,Java,Python,sql,,Not important to me,Monday,Tuesday,Wednesday,Thursday,Friday,,"late evenings, 9pm-12pm;evenings, 5pm-9pm;"
32,9/11/22 15:39:25,9/11/22 15:40:28,s8876543@rmit.edu.au,Asmodeus,Asmodeus,s8876543,WRK01/01,"s666666,s777777,s888888",Web-app,,Java,Python,sql,,Not important to me,Monday,Tuesday,Wednesday,Thursday,Friday,,"late evenings, 9pm-12pm;evenings, 5pm-9pm;"
33,9/11/22 15:39:25,9/11/22 15:40:28,s7765432@rmit.edu.au,Gaap,Gaap,s7765432,WRK01/01,"s666666,s777777,s888888",Web-app,,Java,Python,sql,,Not important to me,Monday,Tuesday,Wednesday,Thursday,Friday,,"late evenings, 9pm-12pm;evenings, 5pm-9pm;"
34,9/11/22 15:39:25,9/11/22 15:40:28,s6654321@rmit.edu.au,Furfur,Furfur,s6654321,WRK01/01,"s666666,s777777,s888888",Web-app,,Java,Python,sql,,Not important to me,Monday,Tuesday,Wednesday,Thursday,Friday,,"late evenings, 9pm-12pm;evenings, 5pm-9pm;"
35,9/11/22 15:39:25,9/11/22 15:40:28,s5543210@rmit.edu.au,Marchosias,Marchosias,s5543210,WRK01/02,"s666666,s777777,s888888",Web-app,,Java,Python,sql,,Not important to me,Monday,Tuesday,Wednesday,Thursday,Friday,,"late evenings, 9pm-12pm;evenings, 5pm-9pm;"
36,9/11/22 15:39:25,9/11/22 15:40:28,s4432109@rmit.edu.au,Stolas,Stolas,s4432109,WRK01/02,"s666666,s777777,s888888",Web-app,,Java,Python,sql,,Not important to me,Monday,Tuesday,Wednesday,Thursday,Friday,,"late evenings, 9pm-12pm;evenings, 5pm-9pm;"
37,9/11/22 15:39:25,9/11/22 15:40:28,s3321098@rmit.edu.au,Phenex,Phenex,s3321098,WRK01/02,"s666666,s777777,s888888",Web-app,,Java,Python,sql,,Not important to me,Monday,Tuesday,Wednesday,Thursday,Friday,,"late evenings, 9pm-12pm;evenings, 5pm-9pm;"
38,9/11/22 15:39:25,9/11/22 15:40:28,s2210987@rmit.edu.au,Halphas,Halphas,s2210987,WRK01/02,"s666666,s777777,s888888",Web-app,,Java,Python,sql,,Not important to me,Monday,Tuesday,Wednesday,Thursday,Friday,,"late evenings, 9pm-12pm;evenings, 5pm-9pm;"
39,9/11/22 15:39:25,9/11/22 15:40:28,s1109876@rmit.edu.au,Malphas,Malphas,s1109876,WRK01/02,,Web-app,,Java,Python,sql,,Not important to me,Monday,Tuesday,Wednesday,Thursday,Friday,,"late evenings, 9pm-12pm;evenings, 5pm-9pm;"
40,9/11/22 15:39:25,9/11/22 15:40:28,s0098765@rmit.edu.au,Raum,Raum,s0098765,WRK01/02,,Web-app,,Java,Python,sql,,Not important to me,Monday,Tuesday,Wednesday,Thursday,Friday,,"late evenings, 9pm-12pm;evenings, 5pm-9pm;"
41,9/11/22 15:39:25,9/11/22 15:40:28,s1122345@rmit.edu.au,Focalor,Focalor,s1122345,WRK01/02,,Web-app,,Java,Python,sql,,Not important to me,Monday,Tuesday,Wednesday,Thursday,Friday,,"late evenings, 9pm-12pm;evenings, 5pm-9pm;"
42,9/11/22 15:39:25,9/11/22 15:40:28,s2233456@rmit.edu.au,Vepar,Vepar,s2233456,WRK01/02,,Web-app,,Java,Python,sql,,Not important to me,Monday,Tuesday,Wednesday,Thursday,Friday,,"late evenings, 9pm-12pm;evenings, 5pm-9pm;"
43,9/11/22 15:39:25,9/11/22 15:40:28,s3344567@rmit.edu.au,Sabnock,Sabnock,s3344567,WRK01/02,,Web-app,,Java,Python,sql,,Not important to me,Monday,Tuesday,Wednesday,Thursday,Friday,,"late evenings, 9pm-12pm;evenings, 5pm-9pm;"
44,9/11/22 15:39:25,9/11/22 15:40:28,s4455678@rmit.edu.au,Shax,Shax,s4455678,WRK01/02,,Web-app,,Java,Python,sql,,Not important to me,Monday,Tuesday,Wednesday,Thursday,Friday,,"late evenings, 9pm-12pm;evenings, 5pm-9pm;"
45,9/11/22 15:39:25,9/11/22 15:40:28,s5566789@rmit.edu.au,Vine,Vine,s5566789,WRK01/02,,Web-app,,Java,Python,sql,,Not important to me,Monday,Tuesday,Wednesday,Thursday,Friday,,"late evenings, 9pm-12pm;evenings, 5pm-9pm;"
46,9/11/22 15:39:25,9/11/22 15:40:28,s6677890@rmit.edu.au,Bifrons,Bifrons,s6677890,WRK01/02,,Web-app,,Java,Python,sql,,Not important to me,Monday,Tuesday,Wednesday,Thursday,Friday,,"late evenings, 9pm-12pm;evenings, 5pm-9pm;"
47,9/11/22 15:39:25,9/11/22 15:40:28,s7788901@rmit.edu.au,Vual,Vual,s7788901,WRK01/02,,Web-app,,Java,Python,sql,,Not important to me,Monday,Tuesday,Wednesday,Thursday,Friday,,"late evenings, 9pm-12pm;evenings, 5pm-9pm;"
48,9/11/22 15:39:25,9/11/22 15:40:28,s8899012@rmit.edu.au,Haagenti,Haagenti,s8899012,WRK01/02,,Web-app,,Java,Python,sql,,Not important to me,Monday,Tuesday,Wednesday,Thursday,Friday,,"late evenings, 9pm-12pm;evenings, 5pm-9pm;"
49,9/11/22 15:39:25,9/11/22 15:40:28,s9900123@rmit.edu.au,Crocell,Crocell,s9900123,WRK01/02,,Web-app,,Java,Python,sql,,Not important to me,Monday,Tuesday,Wednesday,Thursday,Friday,,"late evenings, 9pm-12pm;evenings, 5pm-9pm;"
50,9/11/22 15:39:25,9/11/22 15:40:28,s0011234@rmit.edu.au,Furcas,Furcas,s0011234,WRK01/02,,Web-app,,Java,Python,sql,,Not important to me,Monday,Tuesday,Wednesday,Thursday,Friday,,"late evenings, 9pm-12pm;evenings, 5pm-9pm;"
51,9/11/22 15:39:25,9/11/22 15:40:28,s9988765@rmit.edu.au,Balam,Balam,s9988765,WRK01/02,,Web-app,,Java,Python,sql,,Not important to me,Monday,Tuesday,Wednesday,Thursday,Friday,,"late evenings, 9pm-12pm;evenings, 5pm-9pm;"
52,9/11/22 15:39:25,9/11/22 15:40:28,s8877654@rmit.edu.au,Alloces,Alloces,s8877654,WRK01/02,,Web-app,,Java,Python,sql,,Not important to me,Monday,Tuesday,Wednesday,Thursday,Friday,,"late evenings, 9pm-12pm;evenings, 5pm-9pm;"
53,9/11/22 15:39:25,9/11/22 15:40:28,s7766543@rmit.edu.au,Caim,Caim,s7766543,WRK01/02,,Web-app,,Java,Python,sql,,Not important to me,Monday,Tuesday,Wednesday,Thursday,Friday,,"late evenings, 9pm-12pm;evenings, 5pm-9pm;"
54,9/11/22 15:39:25,9/11/22 15:40:28,s6655432@rmit.edu.au,Murmur,Murmur,s6655432,WRK01/02,,Web-app,,Java,Python,sql,,Not important to me,Monday,Tuesday,Wednesday,Thursday,Friday,,"late evenings, 9pm-12pm;evenings, 5pm-9pm;"
55,9/11/22 15:39:25,9/11/22 15:40:28,s5544321@rmit.edu.au,Orobas,Orobas,s5544321,WRK01/02,,Web-app,,Java,Python,sql,,Not important to me,Monday,Tuesday,Wednesday,Thursday,Friday,,"late evenings, 9pm-12pm;evenings, 5pm-9pm;"
56,9/11/22 15:39:25,9/11/22 15:40:28,s4433210@rmit.edu.au,Gremory,Gremory,s4433210,WRK01/02,,Web-app,,Java,Python,sql,,Not important to me,Monday,Tuesday,Wednesday,Thursday,Friday,,"late evenings, 9pm-12pm;evenings, 5pm-9pm;"
57,9/11/22 15:39:25,9/11/22 15:40:28,s3322109@rmit.edu.au,Ose,Ose,s3322109,WRK01/02,,Web-app,,Java,Python,sql,,Not important to me,Monday,Tuesday,Wednesday,Thursday,Friday,,"late evenings, 9pm-12pm;evenings, 5pm-9pm;"
58,9/11/22 15:39:25,9/11/22 15:40:28,s2211098@rmit.edu.au,Amy,Amy,s2211098,WRK01/02,,Web-app,,Java,Python,sql,,Not important to me,Monday,Tuesday,Wednesday,Thursday,Friday,,"late evenings, 9pm-12pm;evenings, 5pm-9pm;"
59,9/11/22 15:39:25,9/11/22 15:40:28,s1100987@rmit.edu.au,Orias,Orias,s1100987,WRK01/02,,Web-app,,Java,Python,sql,,Not important to me,Monday,Tuesday,Wednesday,Thursday,Friday,,"late evenings, 9pm-12pm;evenings, 5pm-9pm;"
60,9/11/22 15:39:25,9/11/22 15:40:28,s0099876@rmit.edu.au,Vapula,Vapula,s0099876,WRK01/02,,Web-app,,Java,Python,sql,,Not important to me,Monday,Tuesday,Wednesday,Thursday,Friday,,"late evenings, 9pm-12pm;evenings, 5pm-9pm;"
61,9/11/22 15:39:25,9/11/22 15:40:28,s1122334@rmit.edu.au,Zagan,Zagan,s1122334,WRK01/02,,Web-app,,Java,Python,sql,,Not important to me,Monday,Tuesday,Wednesday,Thursday,Friday,,"late evenings, 9pm-12pm;evenings, 5pm-9pm;"
62,9/11/22 15:39:25,9/11/22 15:40:28,s2233445@rmit.edu.au,Valac,Valac,s2233445,WRK01/02,,Web-app,,Java,Python,sql,,Not important to me,Monday,Tuesday,Wednesday,Thursday,Friday,,"late evenings, 9pm-12pm;evenings, 5pm-9pm;"
63,9/11/22 15:39:25,9/11/22 15:40:28,s3344556@rmit.edu.au,Andras,Andras,s3344556,WRK01/02,,Web-app,,Java,Python,sql,,Not important to me,Monday,Tuesday,Wednesday,Thursday,Friday,,"late evenings, 9pm-12pm;evenings, 5pm-9pm;"
64,9/11/22 15:39:25,9/11/22 15:40:28,s4455667@rmit.edu.au,Flauros,Flauros,s4455667,WRK01/02,,Web-app,,Java,Python,sql,,Not important to me,Monday,Tuesday,Wednesday,Thursday,Friday,,"late evenings, 9pm-12pm;evenings, 5pm-9pm;"
65,9/11/22 15:39:25,9/11/22 15:40:28,s5566778@rmit.edu.au,Andrealphus,Andrealphus,s5566778,WRK01/02,,Web-app,,Java,Python,sql,,Not important to me,Monday,Tuesday,Wednesday,Thursday,Friday,,"late evenings, 9pm-12pm;evenings, 5pm-9pm;"
66,9/11/22 15:39:25,9/11/22 15:40:28,s6677889@rmit.edu.au,Kimaris,Kimaris,s6677889,WRK01/02,,Web-app,,Java,Python,sql,,Not important to me,Monday,Tuesday,Wednesday,Thursday,Friday,,"late evenings, 9pm-12pm;evenings, 5pm-9pm;"
67,9/11/22 15:39:25,9/11/22 15:40:28,s7788990@rmit.edu.au,Amdusias,Amdusias,s7788990,WRK01/02,,Web-app,,Java,Python,sql,,Not important to me,Monday,Tuesday,Wednesday,Thursday,Friday,,"late evenings, 9pm-12pm;evenings, 5pm-9pm;"
68,9/11/22 15:39:25,9/11/22 15:40:28,s8899001@rmit.edu.au,Belial,Belial,s8899001,WRK01/02,,Web-app,,Java,Python,sql,,Not important to me,Monday,Tuesday,Wednesday,Thursday,Friday,,"late evenings, 9pm-12pm;evenings, 5pm-9pm;"
69,9/11/22 15:39:25,9/11/22 15:40:28,s9900112@rmit.edu.au,Decarabia,Decarabia,s9900112,WRK01/02,,Web-app,,Java,Python,sql,,Not important to me,Monday,Tuesday,Wednesday,Thursday,Friday,,"late evenings, 9pm-12pm;evenings, 5pm-9pm;"
70,9/11/22 15:39:25,9/11/22 15:40:28,s0011223@rmit.edu.au,Seere,Seere,s0011223,WRK01/02,,Web-app,,Java,Python,sql,,Not important to me,Monday,Tuesday,Wednesday,Thursday,Friday,,"late evenings, 9pm-12pm;evenings, 5pm-9pm;"
71,9/11/22 15:39:25,9/11/22 15:40:28,s9988776@rmit.edu.au,Dantalion,Dantalion,s9988776,WRK01/03,,desktop application,,Java,Python,sql,,Not important to me,Monday,Tuesday,Wednesday,Thursday,Friday,,"late evenings, 9pm-12pm;evenings, 5pm-9pm;"
72,9/11/22 15:39:25,9/11/22 15:40:28,s8877665@rmit.edu.au,Andromalius,Andromalius,s8877665,WRK01/03,,desktop application,,Java,Python,sql,,Not important to me,Monday,Tuesday,Wednesday,Thursday,Friday,,"late evenings, 9pm-12pm;evenings, 5pm-9pm;"
73,9/11/22 15:39:25,9/11/22 15:40:28,s7766554@rmit.edu.au,Abatur,Abatur,s7766554,WRK01/03,,desktop application,,Java,Python,sql,,Not important to me,Monday,Tuesday,Wednesday,Thursday,Friday,,"late evenings, 9pm-12pm;evenings, 5pm-9pm;"
74,9/11/22 15:39:25,9/11/22 15:40:28,s6655443@rmit.edu.au,Adathan,Adathan,s6655443,WRK01/03,,desktop application,,Java,Python,sql,,Not important to me,Monday,Tuesday,Wednesday,Thursday,Friday,,"late evenings, 9pm-12pm;evenings, 5pm-9pm;"
75,9/11/22 15:39:25,9/11/22 15:40:28,s5544332@rmit.edu.au,Aglibol,Aglibol,s5544332,WRK01/03,,desktop application,,Java,Python,sql,,Not important to me,Monday,Tuesday,Wednesday,Thursday,Friday,,"late evenings, 9pm-12pm;evenings, 5pm-9pm;"
76,9/11/22 15:39:25,9/11/22 15:40:28,s4433221@rmit.edu.au,Ananiel,Ananiel,s4433221,WRK01/03,,desktop application,,Java,Python,sql,,Not important to me,Monday,Tuesday,Wednesday,Thursday,Friday,,"late evenings, 9pm-12pm;evenings, 5pm-9pm;"
77,9/11/22 15:39:25,9/11/22 15:40:28,s3322110@rmit.edu.au,Anush,Anush,s3322110,WRK01/03,,desktop application,,Java,Python,sql,,Not important to me,Monday,Tuesday,Wednesday,Thursday,Friday,,"late evenings, 9pm-12pm;evenings, 5pm-9pm;"
78,9/11/22 15:39:25,9/11/22 15:40:28,s2211009@rmit.edu.au,Arakiel,Arakiel,s2211009,WRK01/03,,desktop application,,Java,Python,sql,,Not important to me,Monday,Tuesday,Wednesday,Thursday,Friday,,"late evenings, 9pm-12pm;evenings, 5pm-9pm;"
79,9/11/22 15:39:25,9/11/22 15:40:28,s1100998@rmit.edu.au,Arariel,Arariel,s1100998,WRK01/03,,desktop application,,Java,Python,sql,,Not important to me,Monday,Tuesday,Wednesday,Thursday,Friday,,"late evenings, 9pm-12pm;evenings, 5pm-9pm;"
80,9/11/22 15:39:25,9/11/22 15:40:28,s0099887@rmit.edu.au,Tonalli,Tonalli,s0099887,WRK01/03,,desktop application,,Java,Python,sql,,Not important to me,Monday,Tuesday,Wednesday,Thursday,Friday,,"late evenings, 9pm-12pm;evenings, 5pm-9pm;"
81,9/11/22 15:39:25,9/11/22 15:40:28,s1010101@rmit.edu.au,Ariel,Ariel,s1010101,WRK01/03,,desktop application,,Java,Python,sql,,Not important to me,Monday,Tuesday,Wednesday,Thursday,Friday,,"late evenings, 9pm-12pm;evenings, 5pm-9pm;"
82,9/11/22 15:39:25,9/11/22 15:40:28,s2020202@rmit.edu.au,Armaros,Armaros,s2020202,WRK01/03,,desktop application,,Java,Python,sql,,Not important to me,Monday,Tuesday,Wednesday,Thursday,Friday,,"late evenings, 9pm-12pm;evenings, 5pm-9pm;"
83,9/11/22 15:39:25,9/11/22 15:40:28,s3030303@rmit.edu.au,Artiya’il,Artiya’il,s3030303,WRK01/03,,desktop application,,Java,Python,sql,,Not important to me,Monday,Tuesday,Wednesday,Thursday,Friday,,"late evenings, 9pm-12pm;evenings, 5pm-9pm;"
84,9/11/22 15:39:25,9/11/22 15:40:28,s4040404@rmit.edu.au,Asbeel,Asbeel,s4040404,WRK01/03,,desktop application,,Java,Python,sql,,Not important to me,Monday,Tuesday,Wednesday,Thursday,Friday,,"late evenings, 9pm-12pm;evenings, 5pm-9pm;"
85,9/11/22 15:39:25,9/11/22 15:40:28,s5050505@rmit.edu.au,Asmodel,Asmodel,s5050505,WRK01/03,,desktop application,,Java,Python,sql,,Not important to me,Monday,Tuesday,Wednesday,Thursday,Friday,,"late evenings, 9pm-12pm;evenings, 5pm-9pm;"
86,9/11/22 15:39:25,9/11/22 15:40:28,s6060606@rmit.edu.au,Azazel,Azazel,s6060606,WRK01/03,,desktop application,,Java,Python,sql,,Not important to me,Monday,Tuesday,Wednesday,Thursday,Friday,,"late evenings, 9pm-12pm;evenings, 5pm-9pm;"
87,9/11/22 15:39:25,9/11/22 15:40:28,s7070707@rmit.edu.au,Azrael,Azrael,s7070707,WRK01/03,,desktop application,,Java,Python,sql,,Not important to me,Monday,Tuesday,Wednesday,Thursday,Friday,,"late evenings, 9pm-12pm;evenings, 5pm-9pm;"
88,9/11/22 15:39:25,9/11/22 15:40:28,s8080808@rmit.edu.au,Barachiel,Barachiel,s8080808,WRK01/03,,desktop application,,Java,Python,sql,,Not important to me,Monday,Tuesday,Wednesday,Thursday,Friday,,"late evenings, 9pm-12pm;evenings, 5pm-9pm;"
89,9/11/22 15:39:25,9/11/22 15:40:28,s9090909@rmit.edu.au,Beburos,Beburos,s9090909,WRK01/03,,desktop application,,Java,Python,sql,,Not important to me,Monday,Tuesday,Wednesday,Thursday,Friday,,"late evenings, 9pm-12pm;evenings, 5pm-9pm;"
90,9/11/22 15:39:25,9/11/22 15:40:28,s0101010@rmit.edu.au,Bezaliel,Bezaliel,s0101010,WRK01/03,,desktop application,,Java,Python,sql,,Not important to me,Monday,Tuesday,Wednesday,Thursday,Friday,,"late evenings, 9pm-12pm;evenings, 5pm-9pm;"
91,9/11/22 15:39:25,9/11/22 15:40:28,s0202020@rmit.edu.au,Bihram Rabba,Bihram Rabba,s0202020,WRK01/03,,desktop application,,Java,Python,sql,,Not important to me,Monday,Tuesday,Wednesday,Thursday,Friday,,"late evenings, 9pm-12pm;evenings, 5pm-9pm;"
92,9/11/22 15:39:25,9/11/22 15:40:28,s0303030@rmit.edu.au,Camael,Camael,s0303030,WRK01/03,,desktop application,,Java,Python,sql,,Not important to me,Monday,Tuesday,Wednesday,Thursday,Friday,,"late evenings, 9pm-12pm;evenings, 5pm-9pm;"
93,9/11/22 15:39:25,9/11/22 15:40:28,s0404040@rmit.edu.au,Cambiel,Cambiel,s0404040,WRK01/03,,desktop application,,Java,Python,sql,,Not important to me,Monday,Tuesday,Wednesday,Thursday,Friday,,"late evenings, 9pm-12pm;evenings, 5pm-9pm;"
94,9/11/22 15:39:25,9/11/22 15:40:28,s0505050@rmit.edu.au,Cassiel,Cassiel,s0505050,WRK01/03,,desktop application,,Java,Python,sql,,Not important to me,Monday,Tuesday,Wednesday,Thursday,Friday,,"late evenings, 9pm-12pm;evenings, 5pm-9pm;"
95,9/11/22 15:39:25,9/11/22 15:40:28,s0606060@rmit.edu.au,Chamuel,Chamuel,s0606060,WRK01/03,,desktop application,,Java,Python,sql,,Not important to me,Monday,Tuesday,Wednesday,Thursday,Friday,,"late evenings, 9pm-12pm;evenings, 5pm-9pm;"
96,9/11/22 15:39:25,9/11/22 15:40:28,s0707070@rmit.edu.au,Chazaqiel,Chazaqiel,s0707070,WRK01/03,,desktop application,,Java,Python,sql,,Not important to me,Monday,Tuesday,Wednesday,Thursday,Friday,,"late evenings, 9pm-12pm;evenings, 5pm-9pm;"
97,9/11/22 15:39:25,9/11/22 15:40:28,s0808080@rmit.edu.au,Daniel,Daniel,s0808080,WRK01/03,,desktop application,,Java,Python,sql,,Not important to me,Monday,Tuesday,Wednesday,Thursday,Friday,,"late evenings, 9pm-12pm;evenings, 5pm-9pm;"
98,9/11/22 15:39:25,9/11/22 15:40:28,s0909090@rmit.edu.au,Dadrail,Dadrail,s0909090,WRK01/03,,desktop application,,Java,Python,sql,,Not important to me,Monday,Tuesday,Wednesday,Thursday,Friday,,"late evenings, 9pm-12pm;evenings, 5pm-9pm;"
99,9/11/22 15:39:25,9/11/22 15:40:28,s1212121@rmit.edu.au,Daveitthai,Daveitthai,s1212121,WRK01/03,,desktop application,,Java,Python,sql,,Not important to me,Monday,Tuesday,Wednesday,Thursday,Friday,,"late evenings, 9pm-12pm;evenings, 5pm-9pm;"
100,9/11/22 15:39:25,9/11/22 15:40:28,s2323232@rmit.edu.au,Dumah,Dumah,s2323232,WRK01/03,,desktop application,,Java,Python,sql,,Not important to me,Monday,Tuesday,Wednesday,Thursday,Friday,,"late evenings, 9pm-12pm;evenings, 5pm-9pm;"
101,9/11/22 15:39:25,9/11/22 15:40:28,s3434343@rmit.edu.au,Eleleth,Eleleth,s3434343,WRK01/03,,desktop application,,Java,Python,sql,,Not important to me,Monday,Tuesday,Wednesday,Thursday,Friday,,"late evenings, 9pm-12pm;evenings, 5pm-9pm;"
102,9/11/22 15:39:25,9/11/22 15:40:28,s4545454@rmit.edu.au,Etinsib Ziwa,Etinsib Ziwa,s4545454,WRK01/03,,desktop application,,Java,Python,sql,,Not important to me,Monday,Tuesday,Wednesday,Thursday,Friday,,"late evenings, 9pm-12pm;evenings, 5pm-9pm;"
103,9/11/22 15:39:25,9/11/22 15:40:28,s5656565@rmit.edu.au,Gabriel,Gabriel,s5656565,WRK01/03,,desktop application,,Java,Python,sql,,Not important to me,Monday,Tuesday,Wednesday,Thursday,Friday,,"late evenings, 9pm-12pm;evenings, 5pm-9pm;"
104,9/11/22 15:39:25,9/11/22 15:40:28,s6767676@rmit.edu.au,Gadreel,Gadreel,s6767676,WRK01/03,,desktop application,,Java,Python,sql,,Not important to me,Monday,Tuesday,Wednesday,Thursday,Friday,,"late evenings, 9pm-12pm;evenings, 5pm-9pm;"
105,9/11/22 15:39:25,9/11/22 15:40:28,s7878787@rmit.edu.au,Gubran,Gubran,s7878787,WRK01/03,,desktop application,,Java,Python,sql,,Not important to me,Monday,Tuesday,Wednesday,Thursday,Friday,,"late evenings, 9pm-12pm;evenings, 5pm-9pm;"
106,9/11/22 15:39:25,9/11/22 15:40:28,s8989898@rmit.edu.au,Hadraniel,Hadraniel,s8989898,WRK01/03,,desktop application,,Java,Python,sql,,Not important to me,Monday,Tuesday,Wednesday,Thursday,Friday,,"late evenings, 9pm-12pm;evenings, 5pm-9pm;"
107,9/11/22 15:39:25,9/11/22 15:40:28,s2121212@rmit.edu.au,Hahasiah,Hahasiah,s2121212,WRK01/04,,desktop application,,Java,Python,sql,,Not important to me,Monday,Tuesday,Wednesday,Thursday,Friday,,"late evenings, 9pm-12pm;evenings, 5pm-9pm;"
108,9/11/22 15:39:25,9/11/22 15:40:28,s3232323@rmit.edu.au,Hanibal,Hanibal,s3232323,WRK01/04,,desktop application,,Java,Python,sql,,Not important to me,Monday,Tuesday,Wednesday,Thursday,Friday,,"late evenings, 9pm-12pm;evenings, 5pm-9pm;"
109,9/11/22 15:39:25,9/11/22 15:40:28,s4343434@rmit.edu.au,Hamaliel,Hamaliel,s4343434,WRK01/04,,desktop application,,Java,Python,sql,,Not important to me,Monday,Tuesday,Wednesday,Thursday,Friday,,"late evenings, 9pm-12pm;evenings, 5pm-9pm;"
110,9/11/22 15:39:25,9/11/22 15:40:28,s5454545@rmit.edu.au,Haniel,Haniel,s5454545,WRK01/04,,desktop application,,Java,Python,sql,,Not important to me,Monday,Tuesday,Wednesday,Thursday,Friday,,"late evenings, 9pm-12pm;evenings, 5pm-9pm;"
111,9/11/22 15:39:25,9/11/22 15:40:28,s6565656@rmit.edu.au,Harmozel,Harmozel,s6565656,WRK01/04,,desktop application,,Java,Python,sql,,Not important to me,Monday,Tuesday,Wednesday,Thursday,Friday,,"late evenings, 9pm-12pm;evenings, 5pm-9pm;"
112,9/11/22 15:39:25,9/11/22 15:40:28,s7676767@rmit.edu.au,Harut,Harut,s7676767,WRK01/04,,desktop application,,Java,Python,sql,,Not important to me,Monday,Tuesday,Wednesday,Thursday,Friday,,"late evenings, 9pm-12pm;evenings, 5pm-9pm;"
113,9/11/22 15:39:25,9/11/22 15:40:28,s8787878@rmit.edu.au,Hashmal,Hashmal,s8787878,WRK01/04,,desktop application,,Java,Python,sql,,Not important to me,Monday,Tuesday,Wednesday,Thursday,Friday,,"late evenings, 9pm-12pm;evenings, 5pm-9pm;"
114,9/11/22 15:39:25,9/11/22 15:40:28,s9898989@rmit.edu.au,Hamalat al-Arsh,Hamalat al-Arsh,s9898989,WRK01/04,,desktop application,,Java,Python,sql,,Not important to me,Monday,Tuesday,Wednesday,Thursday,Friday,,"late evenings, 9pm-12pm;evenings, 5pm-9pm;"
115,9/11/22 15:39:25,9/11/22 15:40:28,s1234123@rmit.edu.au,Hibil Ziwa,Hibil Ziwa,s1234123,WRK01/04,,desktop application,,Java,Python,sql,,Not important to me,Monday,Tuesday,Wednesday,Thursday,Friday,,"late evenings, 9pm-12pm;evenings, 5pm-9pm;"
116,9/11/22 15:39:25,9/11/22 15:40:28,s1234234@rmit.edu.au,Hofniel,Hofniel,s1234234,WRK01/04,,desktop application,,Java,Python,sql,,Not important to me,Monday,Tuesday,Wednesday,Thursday,Friday,,"late evenings, 9pm-12pm;evenings, 5pm-9pm;"
117,9/11/22 15:39:25,9/11/22 15:40:28,s1234345@rmit.edu.au,Imamiah,Imamiah,s1234345,WRK01/04,,desktop application,,Java,Python,sql,,Not important to me,Monday,Tuesday,Wednesday,Thursday,Friday,,"late evenings, 9pm-12pm;evenings, 5pm-9pm;"
118,9/11/22 15:39:25,9/11/22 15:40:28,s1234456@rmit.edu.au,Ieshim,Ieshim,s1234456,WRK01/04,,desktop application,,Java,Python,sql,,Not important to me,Monday,Tuesday,Wednesday,Thursday,Friday,,"late evenings, 9pm-12pm;evenings, 5pm-9pm;"
119,9/11/22 15:39:25,9/11/22 15:40:28,s1234567@rmit.edu.au,Israfil,Israfil,s1234567,WRK01/04,,desktop application,,Java,Python,sql,,Not important to me,Monday,Tuesday,Wednesday,Thursday,Friday,,"late evenings, 9pm-12pm;evenings, 5pm-9pm;"
120,9/11/22 15:39:25,9/11/22 15:40:28,s1234678@rmit.edu.au,Jegudiel,Jegudiel,s1234678,WRK01/04,,desktop application,,Java,Python,sql,,Not important to me,Monday,Tuesday,Wednesday,Thursday,Friday,,"late evenings, 9pm-12pm;evenings, 5pm-9pm;"
121,9/11/22 15:39:25,9/11/22 15:40:28,s1234789@rmit.edu.au,Jehoel,Jehoel,s1234789,WRK01/04,,desktop application,,Java,Python,sql,,Not important to me,Monday,Tuesday,Wednesday,Thursday,Friday,,"late evenings, 9pm-12pm;evenings, 5pm-9pm;"
122,9/11/22 15:39:25,9/11/22 15:40:28,s1234890@rmit.edu.au,Jequen,Jequen,s1234890,WRK01/04,,desktop application,,Java,Python,sql,,Not important to me,Monday,Tuesday,Wednesday,Thursday,Friday,,"late evenings, 9pm-12pm;evenings, 5pm-9pm;"
123,9/11/22 15:39:25,9/11/22 15:40:28,s1234901@rmit.edu.au,Jerahmeel,Jerahmeel,s1234901,WRK01/04,,desktop application,,Java,Python,sql,,Not important to me,Monday,Tuesday,Wednesday,Thursday,Friday,,"late evenings, 9pm-12pm;evenings, 5pm-9pm;"
124,9/11/22 15:39:25,9/11/22 15:40:28,s1234012@rmit.edu.au,Jophiel,Jophiel,s1234012,WRK01/04,,desktop application,,Java,Python,sql,,Not important to me,Monday,Tuesday,Wednesday,Thursday,Friday,,"late evenings, 9pm-12pm;evenings, 5pm-9pm;"
125,9/11/22 15:39:25,9/11/22 15:40:28,s2345123@rmit.edu.au,Kadkadael,Kadkadael,s2345123,WRK01/04,,desktop application,,Java,Python,sql,,Not important to me,Monday,Tuesday,Wednesday,Thursday,Friday,,"late evenings, 9pm-12pm;evenings, 5pm-9pm;"
126,9/11/22 15:39:25,9/11/22 15:40:28,s2345234@rmit.edu.au,Kerubiel,Kerubiel,s2345234,WRK01/04,,desktop application,,Java,Python,sql,,Not important to me,Monday,Tuesday,Wednesday,Thursday,Friday,,"late evenings, 9pm-12pm;evenings, 5pm-9pm;"
127,9/11/22 15:39:25,9/11/22 15:40:28,s2345345@rmit.edu.au,Kiraman Katibin,Kiraman Katibin,s2345345,WRK01/04,,desktop application,,Java,Python,sql,,Not important to me,Monday,Tuesday,Wednesday,Thursday,Friday,,"late evenings, 9pm-12pm;evenings, 5pm-9pm;"
128,9/11/22 15:39:25,9/11/22 15:40:28,s2345456@rmit.edu.au,Kokabiel,Kokabiel,s2345456,WRK01/04,,desktop application,,Java,Python,sql,,Not important to me,Monday,Tuesday,Wednesday,Thursday,Friday,,"late evenings, 9pm-12pm;evenings, 5pm-9pm;"
129,9/11/22 15:39:25,9/11/22 15:40:28,s2345567@rmit.edu.au,Kundaliel,Kundaliel,s2345567,WRK01/04,,desktop application,,Java,Python,sql,,Not important to me,Monday,Tuesday,Wednesday,Thursday,Friday,,"late evenings, 9pm-12pm;evenings, 5pm-9pm;"
130,9/11/22 15:39:25,9/11/22 15:40:28,s3456123@rmit.edu.au,Kushiel,Kushiel,s3456123,WRK01/04,,desktop application,,Java,Python,sql,,Not important to me,Monday,Tuesday,Wednesday,Thursday,Friday,,"late evenings, 9pm-12pm;evenings, 5pm-9pm;"
131,9/11/22 15:39:25,9/11/22 15:40:28,s3456234@rmit.edu.au,Lailah,Lailah,s3456234,WRK01/04,,desktop application,,Java,Python,sql,,Not important to me,Monday,Tuesday,Wednesday,Thursday,Friday,,"late evenings, 9pm-12pm;evenings, 5pm-9pm;"
132,9/11/22 15:39:25,9/11/22 15:40:28,s3456345@rmit.edu.au,Maalik,Maalik,s3456345,WRK01/04,,desktop application,,Java,Python,sql,,Not important to me,Monday,Tuesday,Wednesday,Thursday,Friday,,"late evenings, 9pm-12pm;evenings, 5pm-9pm;"
133,9/11/22 15:39:25,9/11/22 15:40:28,s3456456@rmit.edu.au,Matriel,Matriel,s3456456,WRK01/04,,desktop application,,Java,Python,sql,,Not important to me,Monday,Tuesday,Wednesday,Thursday,Friday,,"late evenings, 9pm-12pm;evenings, 5pm-9pm;"
134,9/11/22 15:39:25,9/11/22 15:40:28,s3456567@rmit.edu.au,Manda d-Hayyi,Manda d-Hayyi,s3456567,WRK01/04,,desktop application,,Java,Python,sql,,Not important to me,Monday,Tuesday,Wednesday,Thursday,Friday,,"late evenings, 9pm-12pm;evenings, 5pm-9pm;"
135,9/11/22 15:39:25,9/11/22 15:40:28,s3456678@rmit.edu.au,Marut,Marut,s3456678,WRK01/04,,desktop application,,Java,Python,sql,,Not important to me,Monday,Tuesday,Wednesday,Thursday,Friday,,"late evenings, 9pm-12pm;evenings, 5pm-9pm;"
136,9/11/22 15:39:25,9/11/22 15:40:28,s4567123@rmit.edu.au,Mebahiah,Mebahiah,s4567123,WRK01/04,,desktop application,,Java,Python,sql,,Not important to me,Monday,Tuesday,Wednesday,Thursday,Friday,,"late evenings, 9pm-12pm;evenings, 5pm-9pm;"
137,9/11/22 15:39:25,9/11/22 15:40:28,s4567234@rmit.edu.au,Melek Taus,Melek Taus,s4567234,WRK01/04,,desktop application,,Java,Python,sql,,Not important to me,Monday,Tuesday,Wednesday,Thursday,Friday,,"late evenings, 9pm-12pm;evenings, 5pm-9pm;"
138,9/11/22 15:39:25,9/11/22 15:40:28,s4567345@rmit.edu.au,Metatron,Metatron,s4567345,WRK01/04,,desktop application,,Java,Python,sql,,Not important to me,Monday,Tuesday,Wednesday,Thursday,Friday,,"late evenings, 9pm-12pm;evenings, 5pm-9pm;"
139,9/11/22 15:39:25,9/11/22 15:40:28,s4567456@rmit.edu.au,Michael,Michael,s4567456,WRK01/04,,desktop application,,Java,Python,sql,,Not important to me,Monday,Tuesday,Wednesday,Thursday,Friday,,"late evenings, 9pm-12pm;evenings, 5pm-9pm;"
140,9/11/22 15:39:25,9/11/22 15:40:28,s4567567@rmit.edu.au,Moroni,Moroni,s4567567,WRK01/04,,desktop application,,Java,Python,sql,,Not important to me,Monday,Tuesday,Wednesday,Thursday,Friday,,"late evenings, 9pm-12pm;evenings, 5pm-9pm;"
141,9/11/22 15:39:25,9/11/22 15:40:28,s4567678@rmit.edu.au,Munkar,Munkar,s4567678,WRK01/04,,desktop application,,Java,Python,sql,,Not important to me,Monday,Tuesday,Wednesday,Thursday,Friday,,"late evenings, 9pm-12pm;evenings, 5pm-9pm;"
142,9/11/22 15:39:25,9/11/22 15:40:28,s4567789@rmit.edu.au,Marfeil,Marfeil,s4567789,WRK01/04,,desktop application,,Java,Python,sql,,Not important to me,Monday,Tuesday,Wednesday,Thursday,Friday,,"late evenings, 9pm-12pm;evenings, 5pm-9pm;"
143,9/11/22 15:39:25,9/11/22 15:40:28,s5678123@rmit.edu.au,Muriel,Muriel,s5678123,WRK01/05,,desktop application,,Java,Python,sql,,Not important to me,Monday,Tuesday,Wednesday,Thursday,Friday,,"late evenings, 9pm-12pm;evenings, 5pm-9pm;"
144,9/11/22 15:39:25,9/11/22 15:40:28,s5678234@rmit.edu.au,Mitzrael,Mitzrael,s5678234,WRK01/05,,desktop application,,Java,Python,sql,,Not important to me,Monday,Tuesday,Wednesday,Thursday,Friday,,"late evenings, 9pm-12pm;evenings, 5pm-9pm;"
145,9/11/22 15:39:25,9/11/22 15:40:28,s5678345@rmit.edu.au,Nakir,Nakir,s5678345,WRK01/05,,desktop application,,Java,Python,sql,,Not important to me,Monday,Tuesday,Wednesday,Thursday,Friday,,"late evenings, 9pm-12pm;evenings, 5pm-9pm;"
146,9/11/22 15:39:25,9/11/22 15:40:28,s5678456@rmit.edu.au,Nanael,Nanael,s5678456,WRK01/05,,desktop application,,Java,Python,sql,,Not important to me,Monday,Tuesday,Wednesday,Thursday,Friday,,"late evenings, 9pm-12pm;evenings, 5pm-9pm;"
147,9/11/22 15:39:25,9/11/22 15:40:28,s5678567@rmit.edu.au,Nathaniel,Nathaniel,s5678567,WRK01/05,,desktop application,,Java,Python,sql,,Not important to me,Monday,Tuesday,Wednesday,Thursday,Friday,,"evenings, 5pm-9pm;"
148,9/11/22 15:39:25,9/11/22 15:40:28,s5678678@rmit.edu.au,Nbat,Nbat,s5678678,WRK01/05,,desktop application,,Java,Python,sql,,Not important to me,Monday,Tuesday,Wednesday,Thursday,Friday,,"evenings, 5pm-9pm;"
149,9/11/22 15:39:25,9/11/22 15:40:28,s5678789@rmit.edu.au,Netzach,Netzach,s5678789,WRK01/05,,desktop application,,Java,Python,sql,,Not important to me,Monday,Tuesday,Wednesday,Thursday,Friday,,"evenings, 5pm-9pm;"
150,9/11/22 15:39:25,9/11/22 15:40:28,s6789123@rmit.edu.au,Nidbai,Nidbai,s6789123,WRK01/05,,desktop application,,Java,Python,sql,,Not important to me,Monday,Tuesday,Wednesday,Thursday,Friday,,"evenings, 5pm-9pm;"
151,9/11/22 15:39:25,9/11/22 15:40:28,s6789234@rmit.edu.au,Nithael,Nithael,s6789234,WRK01/05,,desktop application,,Java,Python,sql,,Not important to me,Monday,Tuesday,Wednesday,Thursday,Friday,,"evenings, 5pm-9pm;"
152,9/11/22 15:39:25,9/11/22 15:40:28,s6789345@rmit.edu.au,Nsab,Nsab,s6789345,WRK01/05,,desktop application,,Java,Python,sql,,Not important to me,Monday,Tuesday,Wednesday,Thursday,Friday,,"evenings, 5pm-9pm;"
153,9/11/22 15:39:25,9/11/22 15:40:28,s6789456@rmit.edu.au,Nuriel,Nuriel,s6789456,WRK01/05,,desktop application,,Java,Python,sql,,Not important to me,Monday,Tuesday,Wednesday,Thursday,Friday,,"evenings, 5pm-9pm;"
154,9/11/22 15:39:25,9/11/22 15:40:28,s6789567@rmit.edu.au,Ophaniel,Ophaniel,s6789567,WRK01/05,,desktop application,,Java,Python,sql,,Not important to me,Monday,Tuesday,Wednesday,Thursday,Friday,,"evenings, 5pm-9pm;"
155,9/11/22 15:39:25,9/11/22 15:40:28,s6789678@rmit.edu.au,Oroiael,Oroiael,s6789678,WRK01/05,,desktop application,,Java,Python,sql,,Not important to me,Monday,Tuesday,Wednesday,Thursday,Friday,,"evenings, 5pm-9pm;"
156,9/11/22 15:39:25,9/11/22 15:40:28,s6789789@rmit.edu.au,Pahaliah,Pahaliah,s6789789,WRK01/05,,desktop application,,Java,Python,sql,,Not important to me,Monday,Tuesday,Wednesday,Thursday,Friday,,"evenings, 5pm-9pm;"
157,9/11/22 15:39:25,9/11/22 15:40:28,s1111111@rmit.edu.au,Penemue,Penemue,s1111111,WRK01/05,,desktop application,,Java,Python,sql,,Not important to me,Monday,Tuesday,Wednesday,Thursday,Friday,,"evenings, 5pm-9pm;"
158,9/11/22 15:39:25,9/11/22 15:40:28,s2222222@rmit.edu.au,Phanuel,Phanuel,s2222222,WRK01/05,,desktop application,,Java,Python,sql,,Not important to me,Monday,Tuesday,Wednesday,Thursday,Friday,,"evenings, 5pm-9pm;"
159,9/11/22 15:39:25,9/11/22 15:40:28,s3333333@rmit.edu.au,Poyel,Poyel,s3333333,WRK01/05,,desktop application,,Java,Python,sql,,Not important to me,Monday,Tuesday,Wednesday,Thursday,Friday,,"evenings, 5pm-9pm;"
160,9/11/22 15:39:25,9/11/22 15:40:28,s4444444@rmit.edu.au,Pravuil,Pravuil,s4444444,WRK01/05,,desktop application,,Java,Python,sql,,Not important to me,Monday,Tuesday,Wednesday,Thursday,Friday,,"evenings, 5pm-9pm;"
161,9/11/22 15:39:25,9/11/22 15:40:28,s5555555@rmit.edu.au,Ptahil,Ptahil,s5555555,WRK01/05,,desktop application,,Java,Python,sql,,Not important to me,Monday,Tuesday,Wednesday,Thursday,Friday,,"evenings, 5pm-9pm;"
162,9/11/22 15:39:25,9/11/22 15:40:28,s6666666@rmit.edu.au,Radueriel,Radueriel,s6666666,WRK01/05,,desktop application,,Java,Python,sql,,Not important to me,Monday,Tuesday,Wednesday,Thursday,Friday,,"evenings, 5pm-9pm;"
163,9/11/22 15:39:25,9/11/22 15:40:28,s7777777@rmit.edu.au,Rague,Rague,s7777777,WRK01/05,,desktop application,,Java,Python,sql,,Not important to me,Monday,Tuesday,Wednesday,Thursday,Friday,,"evenings, 5pm-9pm;"
164,9/11/22 15:39:25,9/11/22 15:40:28,s8888888@rmit.edu.au,Ramiel,Ramiel,s8888888,WRK01/05,,desktop application,,Java,Python,sql,,Not important to me,Monday,Tuesday,Wednesday,Thursday,Friday,,"evenings, 5pm-9pm;"
165,9/11/22 15:39:25,9/11/22 15:40:28,s9999999@rmit.edu.au,Raphael,Raphael,s9999999,WRK01/05,,desktop application,,Java,Python,sql,,Not important to me,Monday,Tuesday,Wednesday,Thursday,Friday,,"evenings, 5pm-9pm;"
166,9/11/22 15:39:25,9/11/22 15:40:28,s0000000@rmit.edu.au,Raziel,Raziel,s0000000,WRK01/05,,desktop application,,Java,Python,sql,,Not important to me,Monday,Tuesday,Wednesday,Thursday,Friday,,"evenings, 5pm-9pm;"
167,9/11/22 15:39:25,9/11/22 15:40:28,s1111112@rmit.edu.au,Rikbiel,Rikbiel,s1111112,WRK01/05,,desktop application,,Java,Python,sql,,Not important to me,Monday,Tuesday,Wednesday,Thursday,Friday,,"evenings, 5pm-9pm;"
168,9/11/22 15:39:25,9/11/22 15:40:28,s2222223@rmit.edu.au,Sabriel,Sabriel,s2222223,WRK01/05,,desktop application,,Java,Python,sql,,Not important to me,Monday,Tuesday,Wednesday,Thursday,Friday,,"evenings, 5pm-9pm;"
169,9/11/22 15:39:25,9/11/22 15:40:28,s3333334@rmit.edu.au,Sahaquiel,Sahaquiel,s3333334,WRK01/05,,desktop application,,Java,Python,sql,,Not important to me,Monday,Tuesday,Wednesday,Thursday,Friday,,"evenings, 5pm-9pm;"
170,9/11/22 15:39:25,9/11/22 15:40:28,s4444445@rmit.edu.au,Sam Ziwa,Sam Ziwa,s4444445,WRK01/05,,desktop application,,Java,Python,sql,,Not important to me,Monday,Tuesday,Wednesday,Thursday,Friday,,"evenings, 5pm-9pm;"
171,9/11/22 15:39:25,9/11/22 15:40:28,s5555556@rmit.edu.au,Samael,Samael,s5555556,WRK01/05,,desktop application,,Java,Python,sql,,Not important to me,Monday,Tuesday,Wednesday,Thursday,Friday,,"late evenings, 9pm-12pm;"
172,9/11/22 15:39:25,9/11/22 15:40:28,s6666667@rmit.edu.au,Samyasa,Samyasa,s6666667,WRK01/05,,iOS app,,Java,Python,sql,,Not important to me,Monday,Tuesday,Wednesday,Thursday,Friday,,"late evenings, 9pm-12pm;"
173,9/11/22 15:39:25,9/11/22 15:40:28,s7777778@rmit.edu.au,Sandalphon,Sandalphon,s7777778,WRK01/05,,iOS app,,Java,Python,sql,,Not important to me,Monday,Tuesday,Wednesday,Thursday,Friday,,"late evenings, 9pm-12pm;"
174,9/11/22 15:39:25,9/11/22 15:40:28,s8888889@rmit.edu.au,Sarathiel,Sarathiel,s8888889,WRK01/05,,iOS app,,Java,Python,sql,,Not important to me,Monday,Tuesday,Wednesday,Thursday,Friday,,"late evenings, 9pm-12pm;"
175,9/11/22 15:39:25,9/11/22 15:40:28,s9999990@rmit.edu.au,Sariel,Sariel,s9999990,WRK01/05,,iOS app,,Java,Python,sql,,Not important to me,Monday,Tuesday,Wednesday,Thursday,Friday,,"late evenings, 9pm-12pm;"
176,9/11/22 15:39:25,9/11/22 15:40:28,s0000001@rmit.edu.au,Saureil,Saureil,s0000001,WRK01/05,,iOS app,,Java,Python,sql,,Not important to me,Monday,Tuesday,Wednesday,Thursday,Friday,,"late evenings, 9pm-12pm;"
177,9/11/22 15:39:25,9/11/22 15:40:28,s1111110@rmit.edu.au,Schemhamphrarae,Schemhamphrarae,s1111110,WRK01/05,,iOS app,,Java,Python,sql,,Not important to me,Monday,Tuesday,Wednesday,Thursday,Friday,,"late evenings, 9pm-12pm;"
178,9/11/22 15:39:25,9/11/22 15:40:28,s2222221@rmit.edu.au,Selpahiel,Selpahiel,s2222221,WRK01/05,,iOS app,,Java,Python,sql,,Not important to me,Monday,Tuesday,Wednesday,Thursday,Friday,,"late evenings, 9pm-12pm;"
179,9/11/22 15:39:25,9/11/22 15:40:28,s3333332@rmit.edu.au,Shamnail,Shamnail,s3333332,WRK01/06,,iOS app,,Java,Python,sql,,Not important to me,Monday,Tuesday,Wednesday,Thursday,Friday,,"late evenings, 9pm-12pm;"
180,9/11/22 15:39:25,9/11/22 15:40:28,s4444443@rmit.edu.au,Shamsiel,Shamsiel,s4444443,WRK01/06,,iOS app,,Java,Python,sql,,Not important to me,Monday,Tuesday,Wednesday,Thursday,Friday,,"late evenings, 9pm-12pm;"
181,9/11/22 15:39:25,9/11/22 15:40:28,s5555554@rmit.edu.au,Sheetil,Sheetil,s5555554,WRK01/06,,iOS app,,Java,Python,sql,,Not important to me,Monday,Tuesday,Wednesday,Thursday,Friday,,"late evenings, 9pm-12pm;"
182,9/11/22 15:39:25,9/11/22 15:40:28,s6666665@rmit.edu.au,Shihlun,Shihlun,s6666665,WRK01/06,,iOS app,,Java,Python,sql,,Not important to me,Monday,Tuesday,Wednesday,Thursday,Friday,,"late evenings, 9pm-12pm;"
183,9/11/22 15:39:25,9/11/22 15:40:28,s7777776@rmit.edu.au,Shilmai,Shilmai,s7777776,WRK01/06,,iOS app,,Java,Python,sql,,Not important to me,Monday,Tuesday,Wednesday,Thursday,Friday,,"late evenings, 9pm-12pm;"
184,9/11/22 15:39:25,9/11/22 15:40:28,s8888887@rmit.edu.au,Sidriel,Sidriel,s8888887,WRK01/06,,iOS app,,Java,Python,sql,,Not important to me,Monday,Tuesday,Wednesday,Thursday,Friday,,"late evenings, 9pm-12pm;"
185,9/11/22 15:39:25,9/11/22 15:40:28,s9999998@rmit.edu.au,Simat Hayyi,Simat Hayyi,s9999998,WRK01/06,,iOS app,,Java,Python,sql,,Not important to me,Monday,Tuesday,Wednesday,Thursday,Friday,,"late evenings, 9pm-12pm;"
186,9/11/22 15:39:25,9/11/22 15:40:28,s1111122@rmit.edu.au,Tamiel,Tamiel,s1111122,WRK01/06,,iOS app,,Java,Python,sql,,Not important to me,Monday,Tuesday,Wednesday,Thursday,Friday,,"evenings, 5pm-9pm;"
187,9/11/22 15:39:25,9/11/22 15:40:28,s2222233@rmit.edu.au,Tarwan,Tarwan,s2222233,WRK01/06,,iOS app,,Java,Python,sql,,Not important to me,Monday,Tuesday,Wednesday,Thursday,Friday,,"evenings, 5pm-9pm;"
188,9/11/22 15:39:25,9/11/22 15:40:28,s3333344@rmit.edu.au,Temeluchus,Temeluchus,s3333344,WRK01/06,,iOS app,,Java,Python,sql,,Not important to me,Monday,Tuesday,Wednesday,Thursday,Friday,,"evenings, 5pm-9pm;"
189,9/11/22 15:39:25,9/11/22 15:40:28,s4444455@rmit.edu.au,Tennin,Tennin,s4444455,WRK01/06,,iOS app,,Java,Python,sql,,Not important to me,Monday,Tuesday,Wednesday,Thursday,Friday,,"evenings, 5pm-9pm;"
190,9/11/22 15:39:25,9/11/22 15:40:28,s5555566@rmit.edu.au,Turail,Turail,s5555566,WRK01/06,,iOS app,,Java,Python,sql,,Not important to me,Monday,Tuesday,Wednesday,Thursday,Friday,,"evenings, 5pm-9pm;"
191,9/11/22 15:39:25,9/11/22 15:40:28,s6666677@rmit.edu.au,Turiel,Turiel,s6666677,WRK01/06,,iOS app,,Java,Python,sql,,Not important to me,Monday,Tuesday,Wednesday,Thursday,Friday,,"evenings, 5pm-9pm;"
192,9/11/22 15:39:25,9/11/22 15:40:28,s7777788@rmit.edu.au,Urfeil,Urfeil,s7777788,WRK01/06,,iOS app,,Java,Python,sql,,Not important to me,Monday,Tuesday,Wednesday,Thursday,Friday,,"evenings, 5pm-9pm;"
193,9/11/22 15:39:25,9/11/22 15:40:28,s8888899@rmit.edu.au,Uriel,Uriel,s8888899,WRK01/06,,iOS app,,Java,Python,sql,,Not important to me,Monday,Tuesday,Wednesday,Thursday,Friday,,"evenings, 5pm-9pm;"
194,9/11/22 15:39:25,9/11/22 15:40:28,s9999900@rmit.edu.au,Uziel,Uziel,s9999900,WRK01/06,,iOS app,,Java,Python,sql,,Not important to me,Monday,Tuesday,Wednesday,Thursday,Friday,,"evenings, 5pm-9pm;"
195,9/11/22 15:39:25,9/11/22 15:40:28,s1111100@rmit.edu.au,Vasiariah,Vasiariah,s1111100,WRK01/06,,Android app,,Java,Python,sql,,Not important to me,Monday,Tuesday,Wednesday,Thursday,Friday,,"evenings, 5pm-9pm;"
196,9/11/22 15:39:25,9/11/22 15:40:28,s2222211@rmit.edu.au,Vehuel,Vehuel,s2222211,WRK01/06,,Android app,,Java,Python,sql,,Not important to me,Monday,Tuesday,Wednesday,Thursday,Friday,,"late evenings, 9pm-12pm;"
197,9/11/22 15:39:25,9/11/22 15:40:28,s3333322@rmit.edu.au,Verchiel,Verchiel,s3333322,WRK01/06,,Android app,,Java,Python,sql,,Not important to me,Monday,Tuesday,Wednesday,Thursday,Friday,,"late evenings, 9pm-12pm;"
198,9/11/22 15:39:25,9/11/22 15:40:28,s4444433@rmit.edu.au,Wormwood,Wormwood,s4444433,WRK01/06,,Android app,,Java,Python,sql,,Not important to me,Monday,Tuesday,Wednesday,Thursday,Friday,,"late evenings, 9pm-12pm;"
199,9/11/22 15:39:25,9/11/22 15:40:28,s5555544@rmit.edu.au,Yadathan,Yadathan,s5555544,WRK01/06,,Android app,,Java,Python,sql,,Not important to me,Monday,Tuesday,Wednesday,Thursday,Friday,,"late evenings, 9pm-12pm;"
200,9/11/22 15:39:25,9/11/22 15:40:28,s6666655@rmit.edu.au,Yarhibol,Yarhibol,s6666655,WRK01/06,,Android app,,Java,Python,sql,,Not important to me,Monday,Tuesday,Wednesday,Thursday,Friday,,"late evenings, 9pm-12pm;"
201,9/11/22 15:39:25,9/11/22 15:40:28,s7777766@rmit.edu.au,Yawar Ziwa,Yawar Ziwa,s7777766,WRK01/06,,Android app,,Java,Python,sql,,Not important to me,Monday,Tuesday,Wednesday,Thursday,Friday,,"late evenings, 9pm-12pm;"
202,9/11/22 15:39:25,9/11/22 15:40:28,s8888877@rmit.edu.au,Yomiel,Yomiel,s8888877,WRK01/06,,Android app,,Java,Python,sql,,Not important to me,Monday,Tuesday,Wednesday,Thursday,Friday,,"late evenings, 9pm-12pm;"
203,9/11/22 15:39:25,9/11/22 15:40:28,s9999988@rmit.edu.au,Yufin-Yufafin,Yufin-Yufafin,s9999988,WRK01/06,,Android app,,Java,Python,sql,,Not important to me,Monday,Tuesday,Wednesday,Thursday,Friday,,"late evenings, 9pm-12pm;"
204,9/11/22 15:39:25,9/11/22 15:40:28,s1111119@rmit.edu.au,Yukabar,Yukabar,s1111119,WRK01/06,,Android app,,Java,Python,sql,,Not important to me,Monday,Tuesday,Wednesday,Thursday,Friday,,"late evenings, 9pm-12pm;"
205,9/11/22 15:39:25,9/11/22 15:40:28,s2222228@rmit.edu.au,Yukasar,Yukasar,s2222228,WRK01/06,,Android app,,Java,Python,sql,,Not important to me,Monday,Tuesday,Wednesday,Thursday,Friday,,"late evenings, 9pm-12pm;"
206,9/11/22 15:39:25,9/11/22 15:40:28,s3333337@rmit.edu.au,Yurba,Yurba,s3333337,WRK01/06,,Android app,,Java,Python,sql,,Not important to me,Monday,Tuesday,Wednesday,Thursday,Friday,,"late evenings, 9pm-12pm;"
207,9/11/22 15:39:25,9/11/22 15:40:28,s4444446@rmit.edu.au,Yushamin,Yushamin,s4444446,WRK01/06,,Android app,,Java,Python,sql,,Not important to me,Monday,Tuesday,Wednesday,Thursday,Friday,,"late evenings, 9pm-12pm;"
208,9/11/22 15:39:25,9/11/22 15:40:28,s5555559@rmit.edu.au,Zachariel,Zachariel,s5555559,WRK01/06,,Android app,,Java,Python,sql,,Not important to me,Monday,Tuesday,Wednesday,Thursday,Friday,,"late evenings, 9pm-12pm;"
209,9/11/22 15:39:25,9/11/22 15:40:28,s6666668@rmit.edu.au,Zadkiel,Zadkiel,s6666668,WRK01/06,,Android app,,Java,Python,sql,,Not important to me,Monday,Tuesday,Wednesday,Thursday,Friday,,"late evenings, 9pm-12pm;"
210,9/11/22 15:39:25,9/11/22 15:40:28,s7777779@rmit.edu.au,Zagagel,Zagagel,s7777779,WRK01/06,,Android app,,Java,Python,sql,,Not important to me,Monday,Tuesday,Wednesday,Thursday,Friday,,"late evenings, 9pm-12pm;"
211,9/11/22 15:39:25,9/11/22 15:40:28,s1111118@rmit.edu.au,Zaphkiel,Zaphkiel,s1111118,WRK01/06,,Android app,,Java,Python,sql,,Not important to me,Monday,Tuesday,Wednesday,Thursday,Friday,,"late evenings, 9pm-12pm;"
212,9/11/22 15:39:25,9/11/22 15:40:28,s2222228@rmit.edu.au,Zaqiel,Zaqiel,s2222228,WRK01/06,,Android app,,Java,Python,sql,,Not important to me,Monday,Tuesday,Wednesday,Thursday,Friday,,"late evenings, 9pm-12pm;"
213,9/11/22 15:39:25,9/11/22 15:40:28,s3333338@rmit.edu.au,Zephaniel,Zephaniel,s3333338,WRK01/06,,Android app,,Java,Python,sql,,Not important to me,Monday,Tuesday,Wednesday,Thursday,Friday,,"late evenings, 9pm-12pm;"
214,9/11/22 15:39:25,9/11/22 15:40:28,s4444448@rmit.edu.au,Zephon,Zephon,s4444448,WRK01/06,,Android app,,Java,Python,sql,,Not important to me,Monday,Tuesday,Wednesday,Thursday,Friday,,"late evenings, 9pm-12pm;"
